Entreprise,Region,Ville,Type,Site Web,Adresse,Effectif,Remote,Technologies,Metiers,Details,Statut
3 CGEST,Alsace,Obernai,Solutions Gestion ERP,https://3cgest.com/,"12 rue Dietrich, 67210 Obernai",2-10,Oui,NC,NC,"Solutions de logiciels de gestion, Formation sur logiciels",à contacter
Abylsen EST,Lorraine,Metz,ESN,https://www.abylsen.com/fr,"Immeuble First Plaza, 92 Boulevard Solidarité, 57070 Metz",1001-5000,NC,NC,NC,"Assistance Technique, Centre de services, Projets au forfait",à contacter
Abylsen EST,Alsace,Strasbourg,ESN,https://www.abylsen.com/fr,16 avenue de l'Europe Building SXB1 67300 SCHILTIGHEIM,1001-5000,NC,NC,NC,"Assistance Technique, Centre de services, Projets au forfait",à contacter
ACESI Group,Alsace,Entzheim,ESN,https://www.ace-si.com/,"8B rue Icare, Aéroparc 1, ENTZHEIM, 67960, FR",51-200,Oui,NC,"Conseil, Sécurité, Intégration, Services Managés, Télécoms & Hébergement Cloud",,à contacter
Actemium,Alsace,Strasbourg,ESN / Intégrateur industriel,https://www.actemium.fr/,,501-1000,NC,NC,Ingénieurs industriels,Filiale de VINCI Energies,à contacter
Adimeo,Lorraine,Metz,Agence Web,http://www.adimeo.com/,"4 Rue Graham Bell, 57070 Metz",51-200,NC,"PHP (Laravel, Symfony..), HTML, JS (Angular, React..), CMS","Dev Back, Front, Full Stack",,à contacter
Adimeo,Alsace,Strasbourg,Agence Web,http://www.adimeo.com/,"1 rue de la Fonderie, 67000 Strasbourg",51-200,NC,"PHP (Laravel, Symfony..), HTML, JS (Angular, React..), CMS","Dev Back, Front, Full Stack",,à contacter
Adista,Lorraine,Maxéville,ESN,https://www.adista.fr/,"9 rue Blaise Pascal, Site Saint Jacques 1, 54320 Maxéville",501-1000,Hybride,NC,NC,"Opérateur de télécommunications, Intégrateur de systèmes, Hébergeur HDS, ISO 27001",à contacter
Adista,Alsace,Strasbourg,ESN,https://www.adista.fr/,,501-1000,Hybride,NC,NC,"Opérateur de télécommunications, Intégrateur de systèmes, Hébergeur HDS, ISO 27001",à contacter
Ainos,Luxembourg,Luxembourg,ESN,https://www.ainos.lu/,"18 Rue de l'Industrie, 8399 Koerich, Luxembourg",11-50,NC,".NET, Sharepoint, BI, Data Science, Azure","Dev .Sharepoint / .Net, Data scientists",Logiciels de gestion,à contacter
Albéo Technologies,Alsace,Strasbourg,Startup,https://www.albeo.io/,"22 rue de la Fonderie, 67000 Strasbourg",2-10,Oui,"JS, React, Node.JS, Typescript","Développeurs, UX/UI",Startup solution de contrôle de flux piétons,à contacter
Alliaserv,Alsace,Mulhouse,ESN,https://alliaserv.com/,,51-200,NC,NC,NC,,à contacter
Alsego,Luxembourg,Luxembourg,ESN et Editeur Logiciel,https://www.alsego.com/fr/home,"Rue Jean Engling, 2, L-1466 Luxembourg/Dommeldange",11-50,NC,"C++, Java, Javascript",Consultants BI,UX-UI Design,à contacter
Amiltone,Lorraine,Nancy,ESN,https://amiltone.com/,,201-500,Oui,NC,"Développeurs, DevOps, Architectes",,à contacter
Amiltone,Alsace,"Strasbourg, Nancy",ESN,https://amiltone.com/,"26 rue Rhin et Danube, Strasbourg 67000",201-500,Oui,NC,"Développeurs, DevOps, Architectes",,à contacter
Amnexio,Luxembourg,Luxembourg,ESN,https://www.amexio.fr/,"22 rue de l'Industrie, L 8399 Windhof, Luxembourg",201-500,NC,"Java, Angular, JQuery, JavaEE","Chefferie de projet, Développeurs",,à contacter
Anovis,Alsace,Strasbourg,ESN,https://anovis.fr/,"2 Allée de la Robertsau, 67000 Strasbourg",11-50,NC,"VMWARE, Microsoft, Cisco, Virtualization Storage",Admin Sys et réseau,"Virtualisation et stockage, Cloud et sécurité",à contacter
ARHS Group,Luxembourg,Luxembourg,ESN,https://www.arhs-group.com/,"Boulevard du jazz, 13, L-4370 Belvaux, Luxembourg",1001-5000,NC,"Java, Angular, .Net, React, Azure, AWS, Node.JS, Typescript",Développeurs,,à contacter
Arketeam,Lorraine,Nancy,ESN,https://www.arketeam.com/,"8 rue du Bois de la Champelle, Vandoeuvre les Nancy, 54500, FR",51-200,NC,"PHP, C#, Java, DBA",Développeurs,,à contacter
Arηs (Arhs),Luxembourg,Luxembourg,ESN,https://arans.eu/,,501-1000,NC,"Java, .NET, PHP","Développeurs, Chef de Projet",,à contacter
Atolia,Alsace,Strasbourg,Startup,https://www.atolia.com/fr/,"3 Pl. de Haguenau, 67000 Strasbourg",11-50,NC,NC,NC,Outil de collaboration interne et de gestion de projets inter entreprises,à contacter
AtomX,Alsace,Strasbourg,ESN,https://www.atomxsystem.eu/,"Tour Sébastopol, 3 Quai Kléber 7ème étage, 67000 Strasbourg",11-50,NC,"Javascript, Angular Js , C#, ionic",Développeurs,,à contacter
Atos,Luxembourg,Luxembourg,ESN,https://atos.net/fr/,,11000 et plus,Selon le client,Java PHP C# entre autre,"Admin Sys et réseau, développeurs",,à contacter
Atos,Alsace,Strasbourg,ESN,https://atos.net/fr/,"6 Rue de Copenhague, 67300 Schiltigheim",11000 et plus,Selon le client,"Java PHP C# entre autre, selon clients","Admin Sys et réseau, chefferie de projet, MOA, développeurs",,à contacter
Aubay,Lorraine,"Nancy, Metz",ESN,https://www.aubay.com/,,1001-5000,NC,NC,"Développeurs, DevOps, Architectes, PMO",,à contacter
Aubay,Alsace,"Strasbourg, Mulhouse",ESN,https://www.aubay.com/,,1001-5000,NC,NC,"Développeurs, DevOps, Architectes, PMO",,à contacter
Automobile Club Association,Alsace,Strasbourg,Association,http://www.automobileclub.org/,"38 Avenue du Rhin, 67100 Strasbourg",51-200,NC,"PHP, HTML, JS",Développeurs,,à contacter
Berger-Levrault,Lorraine,Nancy,Editeur Logiciel,https://www.berger-levrault.com/fr/,,1001-5000,NC,NC,"Développeurs, Chef de Projet",Editeur solutions secteur public,à contacter
Berger-Levrault,Alsace,Strasbourg,Editeur Logiciel,https://www.berger-levrault.com/fr/,"31 Rue du Marechal Foch, 67117 Achenheim",1001-5000,NC,NC,"Développeurs, Chef de Projet",Editeur de solutions pour le secteur public,à contacter
Bosch,Alsace,Strasbourg,Industrie,https://www.bosch.fr/,,10001 et +,NC,"C, C++, Python","Ingénieurs Embarqué, Automaticiens",,à contacter
Capgemini,Luxembourg,Luxembourg,ESN,https://www.capgemini.com/fr-fr/,,270000,NC,De tout,"Développeurs, Chef de Projet, DevOps",,à contacter
Capgemini,Lorraine,Metz,ESN,https://www.capgemini.com/fr-fr/,,270000,NC,De tout,"Développeurs, Chef de Projet, PMO, DevOps",,à contacter
Capgemini,Alsace,Strasbourg,ESN,https://www.capgemini.com/fr-fr/,,270000,NC,De tout,"Développeurs, Chef de Projet, PMO, DevOps",,à contacter
CGI,Luxembourg,Luxembourg,ESN,https://www.cgi.com/france/fr-fr,,88500,Hybride,NC,NC,,à contacter
CGI,Lorraine,Nancy,ESN,https://www.cgi.com/france/fr-fr,,88500,Hybride,NC,NC,,à contacter
CGI,Alsace,Strasbourg,ESN,https://www.cgi.com/france/fr-fr,,88500,Hybride,NC,NC,,à contacter
Chronopost,Alsace,Strasbourg,Logistique,,,10001 et +,NC,NC,"Admin Sys, Admin Réseau, Développeurs",,à contacter
Clearstream (Deutsche Börse),Luxembourg,Luxembourg,Finance / IT,https://www.clearstream.com/,,1001-5000,NC,"Java, Scala, Python","Développeurs, Data Engineers",Filiale Deutsche Börse,à contacter
Cognizant,Luxembourg,Luxembourg,ESN,https://www.cognizant.com/fr/fr,,300000,NC,NC,NC,,à contacter
CS Group,Alsace,Strasbourg,ESN,https://www.csgroup.eu/fr/,,1001-5000,NC,"Java, C, C++, Python, embarqué","Développeurs, Ingénieurs Systèmes","Domaines: Défense, Espace, Transport",à contacter
Dedalus,Alsace,Strasbourg,Editeur Logiciel,https://www.dedalus.com,"3 Rue de Sarrelouis, 67000 Strasbourg",5001-10000,NC,"PHP, Javascript, AJAX, MySQL, Bash","Tech Leader, Développeurs Fullstack",,à contacter
Deloitte,Luxembourg,Luxembourg,Conseil & Audit,https://www2.deloitte.com/lu/fr.html,,1001-5000,NC,NC,"Consultant IT, Auditeur SI",,à contacter
Diatem,Alsace,Schiltigheim,ESN,https://www.diatem.net/,"2 rue de Dublin, Espace Européen de l'Entreprise, SCHILTIGHEIM, 67300",11-50,NC,"PHP 5+, HTML5, CSS, JavaScript, PostgreSQL",Développeurs,Solution de bureau mobile (onlyoffice),à contacter
Digora,Alsace,Strasbourg,ESN,https://www.digora.com/fr,"98 Rue de Hochfelden, 67200 Strasbourg",51-200,NC,DBA Oracle,DBA Oracle,"Gestion de donnée, IOT, sécurité, cloud",à contacter
Divalto,Alsace,Entzheim,Editeur Logiciel,https://www.divalto.com/,11 rue Icare 67950 Entzheim,201-500,NC,C#,"Chef de projet ERP, Dev Fullstack, Testing, Cloud Sécurité",Logiciels de gestion pour les PME et PMI,à contacter
Docapost Applicam,Lorraine,Metz,Editeur Logiciel,https://www.docaposte.com/,"2 Avenue Sébastopol, 57000 Metz",1001-5000,NC,"Java, .NET, PHP","Développeurs, Chef de Projet",Filiale de La Poste,à contacter
Econocom,Lorraine,Metz,ESN,https://www.econocom.com/fr,,10001 et +,NC,NC,NC,,à contacter
Econocom,Alsace,Strasbourg,ESN,https://www.econocom.com/fr,,10001 et +,NC,NC,NC,,à contacter
Elsys Design,Alsace,Strasbourg,ESN,https://www.elsys-design.com/,,201-500,NC,"C, C++, VHDL, Linux embarqué","Ingénieurs Embarqué, FPGA",Electronique et systèmes embarqués,à contacter
Extia,Alsace,Strasbourg,ESN,https://www.extia.fr/,,1001-5000,Oui,NC,NC,,à contacter
EY,Luxembourg,Luxembourg,Conseil & Audit,https://www.ey.com/fr_fr,,300000,NC,NC,"Consultant IT, Auditeur SI",,à contacter
FM Logistic,Alsace,Mommenheim,Logistique,https://www.fmlogistic.fr/,"Rte de Brumath, 67670 Mommenheim",10001 et +,NC,.NET,NC,Ingénierie Méthodes Process,à contacter
Fortil,Lorraine,Nancy,ESN,https://fortil.group/fr/fortil/,,1001-5000,Oui,Globalement de tout,"Développeurs, Chef de projet","Expertise IT, Santé, Industrie",à contacter
Fortil,Alsace,"Strasbourg, Mulhouse",ESN,https://fortil.group/fr/fortil/,"10 Avenue d'Alsace, Strasbourg 67000 / 30 rue François Spoerry, Mulhouse 68100",1001-5000,Oui,Globalement de tout,"Développeurs, Chef de projet","Expertise E-Santé, IT, Santé/Pharma, Industrie",à contacter
Fujitsu,Luxembourg,Luxembourg,ESN / Cloud,https://www.fujitsu.com/fr/,,130000,NC,NC,NC,,à contacter
GE Healthcare,Alsace,Strasbourg,Santé / Industrie,https://www.gehealthcare.com/fr,,10001 et +,NC,"C, C++, Java","Ingénieurs Embarqués, Développeurs",,à contacter
Guarani,Alsace,Strasbourg,ESN,https://www.guarani.fr/,Strasbourg,51-200,NC,C# Angular ASP.NET NodeJS ReactJS Drupal Magento Cobol Linux PHP J2EE .NET,Développeurs,,à contacter
HagerGroup,Alsace,Obernai,Energie,https://hagergroup.com/fr,"132 Boulevard de l'Europe, 67215 Obernai",10001 et +,NC,"C#, .NET","Manager Web & Mobiles, UX, UI, Consulting, développeurs",,à contacter
Hakisa,Alsace,Strasbourg,Editeur Logiciel,https://www.hakisa.com/,"8 Place de l'Hôpital, 67000 Strasbourg",11-50,Oui,"PHP, Symfony, Docker, GIT, AWS",NC,,à contacter
IBM,Luxembourg,Luxembourg,ESN / Cloud,https://www.ibm.com/fr-fr,,350000,NC,NC,"Architectes, DevOps, Data",,à contacter
IBM,Lorraine,Nancy,ESN / Cloud,https://www.ibm.com/fr-fr,,350000,NC,NC,"Architectes, DevOps, Data",,à contacter
IBM,Alsace,Strasbourg,ESN / Cloud,https://www.ibm.com/fr-fr,,350000,NC,NC,"Architectes, DevOps, Data",,à contacter
InSideGroup,Alsace,Strasbourg,ESN,https://www.insidegroup.fr/,"3 Quai Kléber, 67000 Strasbourg",201-500,Oui,"Java, Javascript, Cloud & DevOps","Développeurs, Architectes, Project Manager",,à contacter
Intech,Luxembourg,Luxembourg,ESN,https://www.intech.lu/,,201-500,NC,"Java, .NET, JS","Développeurs, Architectes",ESN luxembourgeoise,à contacter
IQ Option,Luxembourg,Luxembourg,Fintech,https://iqoption.com/,,501-1000,NC,"Python, Java, JS",Développeurs,,à contacter
Iqvia RDS France,Alsace,Illkirch-Graffenstaden,ESN Pharmaceutique,https://jobs.iqvia.com/,"200 Rue Jean-Dominique Cassini, 67404 Illkirch-Graffenstaden",10001 et +,NC,"Data, Python, Hadoop, Spotfire, Machine Learning, Oracle, SAS, PL/SQL","Développeurs, tech lead, statistical programmer",,à contacter
ISCA informatique,Alsace,Sélestat,ESN,https://www.isca.fr/,"4 Rue de Zellenberg, 67600 Sélestat",11-50,NC,".NET, ASP.NET MVC, Windev","Consultant Sage X3, développeurs",,à contacter
ITS Future,Alsace,Strasbourg,ESN,https://its-future.com/,5 rue Hannah Arendt 67200 Strasbourg,11-50,NC,"Java, JavaEE, NodeJS, AMOA, AngularJS, Docker, Kubernetes, Git",Développeurs,100% Forfait en agence,à contacter
Jnesis,Alsace,Mulhouse,ESN,https://jnesis.com,"68 Rue Jacques Mugnier, 68200 Mulhouse",11-50,NC,"Java Java EE, Spring, Javascript, Ionic, Sencha, Scrum, Docker, Data, AI, Mobile",Développeurs,,à contacter
KPMG,Luxembourg,Luxembourg,Conseil & Audit,https://www.kpmg.com/lu/fr.html,,1001-5000,NC,NC,"Consultant IT, Auditeur SI",,à contacter
Lacroix Group,Alsace,Strasbourg,Electronique,https://www.lacroix-group.com/,,1001-5000,NC,"C, C++, embarqué",Ingénieurs Electronique,,à contacter
Lerins,Alsace,Strasbourg,ESN,http://www.lerins.fr,"20 place des Halles, 67000 Strasbourg",51-200,NC,"C#, Android, Oracle PL SQL, C, Angular, Node.JS","Chef de projet, Développeurs, Tech Lead, Cybersécurité",,à contacter
Lidl,Alsace,Strasbourg,Grande distribution,https://emplois.lidl.fr/,"35 rue Charles Péguy, 67200 Strasbourg",10001 et +,NC,,"Admin Sys, Admin Réseau, Chef de projet",,à contacter
LOGITUD Solutions,Alsace,Mulhouse,Editeur Logiciel,https://www.logitud.fr/,"53 Rue Victor Schoelcher, 68100 Mulhouse",51-200,NC,,"Admin réseau, Développeurs",,à contacter
LPB Conseil,Alsace,Strasbourg,ESN,https://www.lpb-conseil.com/,"8 Avenue Dante, 67200 Strasbourg",11-50,Oui,,Consultants,"SSI, Cloud Computing, ISO 27000, ITIL, COBIT, TOGAFF",à contacter
LuxTrust,Luxembourg,Luxembourg,Sécurité / Identité numérique,https://www.luxtrust.lu/,,201-500,NC,"Java, PKI",Ingénieurs Sécurité,Prestataire national de services de confiance,à contacter
Marmelab,Lorraine,Nancy,ESN,https://marmelab.com,"4 rue Girardet, 54000 Nancy",11-50,NC,"React, Redux, Node.JS, GraphQL, PostgreSQL, AWS",Facilitateurs Scrum/Kanban,,à contacter
Micropole,Lorraine,Metz,ESN / Conseil BI,https://www.micropole.com/,,501-1000,NC,"SAP, SAS, Oracle, Microsoft BI","Consultant BI, Data Analyst, Développeurs",,à contacter
Micropole,Alsace,Strasbourg,ESN / Conseil BI,https://www.micropole.com/,,501-1000,NC,"SAP, SAS, Oracle, Microsoft BI","Consultant BI, Data Analyst, Développeurs",Expertise Data et SI,à contacter
OVHcloud,Alsace,Strasbourg,Cloud,https://www.ovhcloud.com/fr/,Datacenter à Strasbourg,5001-10000,NC,"Python, Go, Ansible, OpenStack","SRE, Dev Backend, Infrastructure",,à contacter
Pentalog,Alsace,Strasbourg,ESN,https://www.pentalog.com/,,1001-5000,NC,"Java, PHP, Angular, React","Développeurs, Chef de Projet",,à contacter
Prodware,Lorraine,Nancy,Editeur Logiciel / ESN,https://www.prodware.fr/,,501-1000,NC,"C#, .NET, Power Platform, Dynamics 365","Consultant ERP, Développeurs .NET",Spécialiste Microsoft Dynamics,à contacter
Prodware,Alsace,Schiltigheim,Editeur Logiciel / ESN,https://www.prodware.fr/,"15 Rue Boecklin, 67000 Strasbourg",501-1000,NC,"C#, .NET, Power Platform, Dynamics 365","Consultant ERP, Développeurs .NET",Spécialiste Microsoft Dynamics,à contacter
PwC,Luxembourg,Luxembourg,Conseil & Audit,https://www.pwc.lu/fr.html,,1001-5000,NC,NC,"Consultant IT, Auditeur SI",,à contacter
Ryfacto,Alsace,Mutzig,ESN,https://www.ryfacto.fr/,"21 rue Katia Krafft, Mutzig, Alsace 67190, FR",2-10,NC,"IOS, C#, Swift",Développeurs,Création de logiciels type MVP,à contacter
Sapaig,Lorraine,Bousse,Editeur Logiciel ERP,https://www.sapaig.fr/,"4 Zone Industrielle Légère (ZIL) 57310, Bousse",11-50,NC,PHP,"Développeurs, Consultant, Sécurité et Réseaux, Support Technique","ERP, accompagnement client, formations",à contacter
SCC Direct Sa,Alsace,Schiltigheim,ESN,https://france.scc.com/,"3 Rue de Berne, 67300 Schiltigheim",5001-10000,NC,NC,NC,"IoT, Sécurité Réseau, IA, Supply Chain, Virtualisation",à contacter
Schmidt Groupe,Alsace,Lièpvre,Client Final,https://www.groupe.schmidt/,"5 rue Clemenceau, Lièpvre, Alsace 68660, FR",1001-5000,NC,.NET,,,à contacter
SDV,Alsace,Strasbourg,Editeur Logiciel et Cloud,https://www.sdv.fr/,"15 Rue de la Nuée-Bleue, 67000 Strasbourg",51-200,NC,"WEB : PHP (Laravel), HTML, JS (Angular), solutions Cloud",,,à contacter
SEW USOCOME,Alsace,Haguenau,Construction Moteurs,https://www.usocome.com/home.html,"48-54 Route de Soufflenheim, 67506 Haguenau",1001-5000,NC,NC,"Consultants Data Science, Data Analyst, Oracle, SAP",Systèmes d'entraînement et d'automatisme,à contacter
Siemens,Alsace,Strasbourg,Industrie / IT,https://www.siemens.com/fr/fr/,,10001 et +,NC,"C#, Python, .NET, Simatic","Ingénieurs Automatisme, Développeurs",,à contacter
Sigma Informatique,Lorraine,Nancy,ESN,https://www.sigma.fr/,,501-1000,NC,"PHP, Java, .NET","Développeurs, Chef de Projet",,à contacter
Sigma Informatique,Alsace,Schiltigheim,ESN,https://www.sigma.fr/,,501-1000,NC,"PHP, Java, .NET","Développeurs, Chef de Projet",,à contacter
Sogeti,Lorraine,Nancy,ESN (filiale Capgemini),https://www.sogeti.com/fr/,,30000,NC,NC,"Développeurs, DevOps, Ingénieurs QA",,à contacter
Sogeti,Alsace,Strasbourg,ESN (filiale Capgemini),https://www.sogeti.com/fr/,,30000,NC,NC,"Développeurs, DevOps, Ingénieurs QA",,à contacter
Sopra Steria,Luxembourg,Luxembourg,ESN,https://www.soprasteria.com/fr,,46000,Hybride,NC,"Développeurs, Chef de Projet, DevOps",,à contacter
Sopra Steria,Lorraine,Metz,ESN,https://www.soprasteria.com/fr,,46000,Hybride,NC,"Développeurs, Chef de Projet, DevOps, Data",,à contacter
Sopra Steria,Alsace,"Strasbourg, Mulhouse",ESN,https://www.soprasteria.com/fr,,46000,Hybride,NC,"Développeurs, Chef de Projet, DevOps, Data",,à contacter
Spie,Luxembourg,Luxembourg,ESN,https://www.spie.com/fr,,47000,NC,NC,"Ingénieurs Réseaux, IT",,à contacter
SynapseInformatique,Luxembourg,Luxembourg,ESN,,,11-50,NC,"PHP, Java, .NET",Développeurs,,à contacter
Telindus (Proximus),Luxembourg,Luxembourg,ESN / Télécoms,https://www.telindus.lu/,,501-1000,NC,NC,NC,Filiale Proximus,à contacter
Thales,Luxembourg,Luxembourg,Industrie / Défense,https://www.thalesgroup.com/fr,,80000,NC,"Java, C, C++","Ingénieurs Systèmes, Cybersécurité",,à contacter
Thales,Lorraine,Nancy,Industrie / Défense,https://www.thalesgroup.com/fr,,80000,NC,"C, C++, ADA, Java, Python","Ingénieurs Embarqué, Systèmes, Cybersécurité",,à contacter
Thales,Alsace,Strasbourg,Industrie / Défense,https://www.thalesgroup.com/fr,,80000,NC,"C, C++, ADA, Java, Python","Ingénieurs Embarqué, Systèmes, Cybersécurité",Fort recrutement sur Strasbourg (avionique),à contacter
Tietoevry,Luxembourg,Luxembourg,ESN,https://www.tietoevry.com/fr/,,24000,NC,NC,NC,,à contacter
Umanis,Lorraine,Nancy,ESN,https://www.umanis.com/,,2500,NC,"Data, SAP, .NET, Java","Développeurs, Consultant Data, SAP",,à contacter
Umanis,Alsace,Strasbourg,ESN,https://www.umanis.com/,,2500,NC,"Data, SAP, .NET, Java","Développeurs, Consultant Data, SAP",,à contacter
Viseo,Lorraine,Metz,ESN,https://www.viseo.com/fr,,1001-5000,NC,"Java, React, Node, DevOps","Développeurs, Chef de projet",,à contacter
Viseo,Alsace,Strasbourg,ESN,https://www.viseo.com/fr,,1001-5000,NC,"Java, React, Node, DevOps","Développeurs, Chef de projet",,à contacter
Worldline,Alsace,Strasbourg,Fintech,https://worldline.com/fr/home.html,,10001 et +,NC,"Java, .NET, Go","Développeurs, Ingénieurs paiement",Siège mondial à Strasbourg,à contacter
